<?xml version="1.0" encoding="UTF-8"?>
<!DOCTYPE mapper PUBLIC "-//mybatis.org//DTD Mapper 3.0//EN" "http://mybatis.org/dtd/mybatis-3-mapper.dtd">
<mapper namespace="com.example.mapper.AccountMapper">
    <select id="list" resultType="com.example.domain.AccountVO">
        select a.*, name
        from tbl_account a, tbl_user u
        where a.id=u.id
    </select>
    
    <select id="userList" resultType="com.example.domain.AccountVO">
        select a.*, name
        from tbl_account a, tbl_user u
        where a.id=u.id and a.id=#{id}
    </select>
    
    <select id="read" resultType="com.example.domain.AccountVO">
        select a.*, name
        from tbl_account a, tbl_user u
        where a.id=u.id and ano=#{ano}
    </select>
    
    <update id="update">
        update tbl_account set balance = balance + #{amount}
        where ano=#{ano}
    </update>
</mapper>