<?xml version="1.0" encoding="UTF-8"?>
<beans xmlns="http://www.springframework.org/schema/beans"
	xmlns:xsi="http://www.w3.org/2001/XMLSchema-instance"
	xmlns:tx="http://www.springframework.org/schema/tx"
	xmlns:context="http://www.springframework.org/schema/context"
	xsi:schemaLocation="http://www.springframework.org/schema/beans https://www.springframework.org/schema/beans/spring-beans.xsd
		http://www.springframework.org/schema/context http://www.springframework.org/schema/context/spring-context-4.1.xsd
		http://www.springframework.org/schema/tx http://www.springframework.org/schema/tx/spring-tx-4.1.xsd">
	
	<!-- Root Context: defines shared resources visible to all other web components -->
	<bean id="dataSource" class="org.springframework.jdbc.datasource.DriverManagerDataSource">
	    <property name="driverClassName" value="net.sf.log4jdbc.sql.jdbcapi.DriverSpy"></property>
	    <property name="url" value="jdbc:log4jdbc:mysql://127.0.0.1:3306/boarddb"></property> 
	    <property name="username" value="board"></property>
	    <property name="password" value="pass"></property>
	</bean>
	<bean id="sqlSessionFactory" class="org.mybatis.spring.SqlSessionFactoryBean">
	    <property name="dataSource" ref="dataSource"/>
	    <property name="mapperLocations" value="classpath:/mapper/**/*.xml"/>
	</bean>
	<bean id="mapper"  class="org.mybatis.spring.mapper.MapperScannerConfigurer">
	    <property name="basePackage" value="com.example.mapper"/>
	    <property name="sqlSessionFactoryBeanName" value="sqlSessionFactory"/>
	</bean>	
	<bean id="transactionManager" class="org.springframework.jdbc.datasource.DataSourceTransactionManager">
	    <property name="dataSource" ref="dataSource"></property>
	</bean>
	<tx:annotation-driven/>	
	<context:component-scan base-package="com.example.service"/>
</beans>
